,Unnamed: 0,id,exp_num,exp_name,prolific_id,age,gender
0,0,76422442,1,interleaved_incomplete,5d30c0f46cc6bd0020882925,26.0,Female
1,1,192489031,1,interleaved_incomplete,5d3ebe453a0c0100162313b9,31.0,Female
2,2,324224518,1,interleaved_incomplete,5d3ebb0d64c213001ad49fb0,24.0,Female
3,3,543099212,1,interleaved_incomplete,5cd875edf7470b0016e9ca83,29.0,Female
4,4,635786936,1,interleaved_incomplete,5d0bccb311a6b5001588347b,63.0,Male
5,5,655719712,1,interleaved_incomplete,5b0abc9ce9270900013b950d,24.0,Female
6,6,702985854,1,interleaved_incomplete,5d3f020cfd9694001a2d1a1c,29.0,Male
7,7,1063840667,1,interleaved_incomplete,5cd4a022bde9b20001a53015,27.0,Female
8,8,1165296301,1,interleaved_incomplete,562a8b949e2b900012006e88,46.0,Male
9,9,1309326174,1,interleaved_incomplete,5c42329384ef0f00011882ca,23.0,Male
10,10,1553648614,1,interleaved_incomplete,5bb5dd2c72603000015a9bf2,37.0,Female
11,11,1935710962,1,interleaved_incomplete,5d30b98eb8f4a500193ce6c6,21.0,Male
12,12,2067780430,1,interleaved_incomplete,5c06e9fa0ea1410001a9c28a@email.prolific.ac,,DATA_EXPIRED
13,13,2203014523,1,interleaved_incomplete,5d3aff5fb5718a001904af93,,DATA EXPIRED
14,14,2394388617,1,interleaved_incomplete,5980ce371815040001e6917b,41.0,Male
15,15,2584890232,1,interleaved_incomplete,5d0e1dbfa8646d0001c1a0a4,35.0,Male
16,16,2616747899,1,interleaved_incomplete,5c96d50457607500019b79e4,39.0,Male
17,17,2683683758,1,interleaved_incomplete,5b751284f20ba900019cd355,33.0,Male
18,18,2905075007,1,interleaved_incomplete,5c9b51f6c45e300001c923db,21.0,DATA EXPIRED
19,19,3035382826,1,interleaved_incomplete,5d30e6ef53416100199ad7bf,,DATA EXPIRED
20,20,3124592193,1,interleaved_incomplete,5b616f452696a70001ef1467,30.0,Female
21,21,3313289158,1,interleaved_incomplete,5d30c81f5f791a001fb95cae,20.0,Male
22,22,3418277524,1,interleaved_incomplete,56c8a2ca1d066b00064738be,33.0,Female
23,23,3518719767,1,interleaved_incomplete,5852a18d733c730001a5c9cd,29.0,Male
24,24,4070968627,1,interleaved_incomplete,5c883249afd58300172d210f,21.0,Male
25,25,4107326272,1,interleaved_incomplete,5c014fac55614800012adec7,32.0,Male
26,26,4195685694,1,interleaved_incomplete,5d18be141cadff00189b940f,22.0,Female
27,27,4291253057,1,interleaved_incomplete,5c4b761e34ee9300011ccf19,26.0,Male
28,28,4323106146,1,interleaved_incomplete,5bb24651a2fec100011ce50f,35.0,Female
29,29,4333212715,1,interleaved_incomplete,5ac42832436f550001ffcf2c,26.0,Male
30,30,4380434963,1,interleaved_incomplete,5d2e5074565e1200197efd25,20.0,Female
31,31,4769359215,1,interleaved_incomplete,5c15987500b8ee0001d0e380,,Female
32,32,4785418942,1,interleaved_incomplete,5c9ab388a7c8ea001622a0e1,38.0,Male
33,33,4844170341,1,interleaved_incomplete,5d30b94628b06900195d305e,27.0,Female
34,34,4992622137,1,interleaved_incomplete,5d0f5ed255f0c7001934648d,45.0,Male
35,35,5074117519,1,interleaved_incomplete,5c13b9223b61bc00016b29f8,27.0,Female
36,36,5110469889,1,interleaved_incomplete,5d3ef88dbaf11000191edae4,24.0,Male
37,37,5158128055,1,interleaved_incomplete,5c0d8ff5395bab0001ef0f0e,27.0,Male
38,38,5528890476,1,interleaved_incomplete,5bf5afd9ec7b5f00015a0cee,23.0,Male
39,39,5690295193,1,interleaved_incomplete,5bef856d1e78580001dc0467,60.0,Female
40,40,5800504404,1,interleaved_incomplete,5cf4f88aada72300156a4432,33.0,Female
41,41,6205914374,1,interleaved_incomplete,5c74c6665e5cf50001e0fc9e,32.0,Female
42,42,6217730760,1,interleaved_incomplete,5c88295bbae6c40014f59382,23.0,Male
43,43,6420511519,1,interleaved_incomplete,5c49c9ebe02ead00019b0a5b,24.0,Male
44,44,6660226472,1,interleaved_incomplete,5b3a3ef3c49ecb00010a7d12,26.0,Male
45,45,6713832098,1,interleaved_incomplete,59dbb9f26100f90001949f21,43.0,Female
46,46,6961365643,1,interleaved_incomplete,5d23b9bc3e72cb0001a4e024,,DATA EXPIRED
47,47,7003179804,1,interleaved_incomplete,5cadfbb23b07550017e2eb90,20.0,Male
48,48,7158154241,1,interleaved_incomplete,5c9f6299192c1c0012f3be80,20.0,Male
49,49,7202981021,1,interleaved_incomplete,5bed4a41806e560001a429b1,25.0,Female
50,50,7203503341,1,interleaved_incomplete,5d307f69f19fe50001a23701,25.0,Female
51,51,7279099150,1,interleaved_incomplete,5c0bdf56b65da90001a9cef1,25.0,Female
52,52,7314120567,1,interleaved_incomplete,5d3ec98133c2b2001920294d,22.0,Female
53,53,7370032445,1,interleaved_incomplete,5cd2669aa0d4c60001219dbd,43.0,Female
54,54,7392939566,1,interleaved_incomplete,5cf2250935933a0001fdba2d,23.0,Male
55,55,7575835328,1,interleaved_incomplete,5bb202b18aba5700017f36f6,27.0,Female
56,56,7583986696,1,interleaved_incomplete,5cf93c2c4a580000168799df,35.0,Female
57,57,7664158155,1,interleaved_incomplete,5b34eee8a2982a0001ddaf52,24.0,Female
58,58,7772647891,1,interleaved_incomplete,5d3b3a2d615d49001a3fe8c1,35.0,Male
59,59,8016874578,1,interleaved_incomplete,5ba7aa4ab9035a0001deb5ef,29.0,DATA_EXPIRED
60,60,8083645511,1,interleaved_incomplete,5d35c8a7dffa5e00013cff3a,24.0,Male
61,61,8114113828,1,interleaved_incomplete,5d30c6a98c13a90015651c44,51.0,Male
62,62,8182125086,1,interleaved_incomplete,5cdf4a45c07328001a4c0153,23.0,Male
63,63,8364843592,1,interleaved_incomplete,5d3f1485e4a75b0018fabac2,59.0,Female
64,64,8526863004,1,interleaved_incomplete,ttp://app.prolific.co/verify-email/?i=UB0N3LKNNNY1,,DATA_EXPIRED
65,65,8560242092,1,interleaved_incomplete,5a73ecf4f660ae0001a9b89e,27.0,Male
66,66,9012908179,1,interleaved_incomplete,5bb609520cb04c00014efb8a,24.0,Male
67,67,9248796743,1,interleaved_incomplete,5d3f041878fd9900196234ed,25.0,Male
68,68,9273359932,1,interleaved_incomplete,5c4254f4d77d7c000189ac0f,46.0,Female
69,69,9336668971,1,interleaved_incomplete,5c1c2db20036740001e710f8,22.0,Female
70,70,9463643435,1,interleaved_incomplete,5d1ddfeffb14a20018b5f7bb,25.0,Female
71,71,9744488832,1,interleaved_incomplete,5a22f0e37413810001521d5c,32.0,Female
72,72,9758317569,1,interleaved_incomplete,5d2eac390aca250001e9c3e1,39.0,Female
73,73,9780044600,1,interleaved_incomplete,5c6244086937550001232ae6,35.0,Male
74,74,9892290269,1,interleaved_incomplete,5d3c6e745602310001bca8aa,25.0,Female
75,75,9993589139,1,interleaved_incomplete,5cc38ac29292570001fbd0ef,39.0,Female
76,76,140293694,2,block_incomplete,5d3241a6d63753001ad72d82,31.0,Female
77,77,194213254,2,block_incomplete,5d10fe33fbbf3d001a56d936,23.0,Male
78,78,408206757,2,block_incomplete,5cf0f51eb094d700013e5136,21.0,Female
79,79,531387275,2,block_incomplete,5cd45ad839aa1a0001596d4c,38.0,Male
80,80,624469757,2,block_incomplete,5bbc0997f1f9ba000141cf0f,32.0,Male
81,81,814845948,2,block_incomplete,5bd08b85669ee1000143ddbc,26.0,Male
82,82,930429180,2,block_incomplete,5c45b0d5b05faa0001d60dd3,40.0,Female
83,83,1122278364,2,block_incomplete,5d2a0577c22768001666cdbf,,DATA EXPIRED
84,84,1438023504,2,block_incomplete,5c4bb5a2620ba700010bf02b,,DATA EXPIRED
85,85,1597280050,2,block_incomplete,5cb5e6057f36f00015e8dc0b,23.0,Male
86,86,1885851424,2,block_incomplete,5d5e66a74cb63d00193fe0ba,20.0,Female
87,87,1941835579,2,block_incomplete,5cd3e8f3c088820001e9e537,35.0,Male
88,88,2057587401,2,block_incomplete,5d5b0f01e7a79e0017fc56a1,28.0,Male
89,89,2071429178,2,block_incomplete,5896f9951a06b50001a7ff12,25.0,Male
90,90,2153297900,2,block_incomplete,5b213b968ca8150001dd1109,27.0,Male
91,91,2487748872,2,block_incomplete,5bb36695bfaca5000125901f,33.0,Female
92,92,2508418298,2,block_incomplete,5d52b4628c48ca0017855e69,25.0,Male
93,93,2551952153,2,block_incomplete,5b7aa778f9bc170001a9328e,21.0,Male
94,94,2622590948,2,block_incomplete,5bdcd8f78b0d7e0001228e13,25.0,Female
95,95,2628958514,2,block_incomplete,5beaf5c1ca3a1a0001823677,31.0,Male
96,96,2699024402,2,block_incomplete,5cacc9cd0f757800019d0bac,20.0,Male
97,97,2710350082,2,block_incomplete,5d5faf38887cfa001978f0a1,31.0,Male
98,98,2794928037,2,block_incomplete,5d1c96112cd31f0001a18b5b,24.0,Female
99,99,3023757344,2,block_incomplete,5b9cae9ef07414000104c17a,53.0,Female
100,100,3880990888,2,block_incomplete,5d5fa846bdf9720017023100,33.0,Male
101,101,4434931766,2,block_incomplete,5c90df91f6333f00160d61a2,21.0,Male
102,102,4464356239,2,block_incomplete,56295ad5c8ffc20012513ae6,45.0,Female
103,103,4533858826,2,block_incomplete,5b90307437572f0001b9267c,,Female
104,104,4858994299,2,block_incomplete,5c4271f51b4bf300018b0920,20.0,Male
105,105,5392681332,2,block_incomplete,5b9f4dedd1ff7a00013c0edd,32.0,Male
106,106,5614418768,2,block_incomplete,5bd0ba1c9afb5b00015b77c1,25.0,Male
107,107,5793082543,2,block_incomplete,5a215edcc3e60a0001780c3c,28.0,Female
108,108,5832567076,2,block_incomplete,5c7d3f176b56310001457f4d,25.0,Female
109,109,5840068111,2,block_incomplete,5d08bec3f4f8e80001ef1709,24.0,Female
110,110,5986267318,2,block_incomplete,5d0e1b87467e3e00169c5ae5,28.0,Female
111,111,6116588641,2,block_incomplete,5c436a068bb6fd000163e4e8,26.0,Female
112,112,6227672254,2,block_incomplete,5d5e66b3844f160001f24150,62.0,Female
113,113,6392030387,2,block_incomplete,5a425feb6d85f80001c244fc,36.0,Female
114,114,6543824301,2,block_incomplete,5ba920744584060001d688a1,,DATA EXPIRED
115,115,6605096819,2,block_incomplete,5d5c7b0c98683400182d00cb,20.0,Female
116,116,6666393578,2,block_incomplete,5d5fa27157a44b0017933c40,34.0,Female
117,117,6684258137,2,block_incomplete,57a1e4bb70c76a0001246608,28.0,Female
118,118,6861165173,2,block_incomplete,5c8aa0ca2b88840001d5cbca,25.0,Female
119,119,6961060772,2,block_incomplete,5cdd8b3ca147210015aefd54,37.0,Female
120,120,6986662253,2,block_incomplete,5d5587bb7c447d0019f371dc,33.0,Female
121,121,7002711612,2,block_incomplete,5ce7d9817a1a23001c8e059f,41.0,Female
122,122,7058000525,2,block_incomplete,5cdd2e2a8b39ba00191a227e,25.0,Male
123,123,7474998975,2,block_incomplete,5d16d545e9b5ff001a084080,44.0,Female
124,124,7543055076,2,block_incomplete,5c927bb0a1c62a00154c6905,,DATA EXPIRED
125,125,7855270383,2,block_incomplete,5c354421688b59000101b48f,54.0,Female
126,126,8044754333,2,block_incomplete,5ac1f7750527ba0001c1f4a3,37.0,Female
127,127,8095636190,2,block_incomplete,5c78079b896a0b00151c18ca,35.0,Female
128,128,8180868549,2,block_incomplete,5b3322d96d601d0001d62246,27.0,Female
129,129,8188354968,2,block_incomplete,5c20f89fe93d1a0001a29941,22.0,Female
130,130,8571345777,2,block_incomplete,5d5eb4a55a48670001571b9d,32.0,Female
131,131,8602551616,2,block_incomplete,5c49c880f80d580001edf7d4,34.0,Female
132,132,8715509034,2,block_incomplete,5c13f3dd328dfa0001957fc5,23.0,Male
133,133,8729733425,2,block_incomplete,5a1e6508517dfb00013dd1d1,33.0,Female
134,134,8882232135,2,block_incomplete,5bc3b9a46bd778000122f880,27.0,Female
135,135,8996250566,2,block_incomplete,5c5bee59970c84000165762d,36.0,Female
136,136,9077152405,2,block_incomplete,5cb5ffdaa4a816001a606109,20.0,Male
137,137,9365330294,2,block_incomplete,5cc3040998766700187a4fb6,22.0,Male
138,138,9424643489,2,block_incomplete,5ccf5f72222373001912f61e,24.0,Female
139,139,9452068889,2,block_incomplete,5ac48ded5cd1050001622c4a,24.0,Female
140,140,9681543555,2,block_incomplete,5d1f3d627b511000196644c2,54.0,Male
141,141,9769568586,2,block_incomplete,5d348996f665c6001ab9aba0,,DATA EXPIRED
142,142,9778966139,2,block_incomplete,5a6f81b46fc3c60001f94a01,49.0,Female
143,143,9863643380,2,block_incomplete,5ae791614f337300016ffa97,32.0,Male
144,144,9910806450,2,block_incomplete,5c69683993c6a10001a42f92,26.0,Male
145,145,9937017794,2,block_incomplete,5d18c8c33dde7a00191c328b,34.0,Female
146,146,9946138779,2,block_incomplete,5be362ddb1ae9c00013e2bb4,,DATA EXPIRED
147,147,73724563,3,block_complete,5d6e5f8d5b7b0c0001ee8954,26.0,Male
148,148,140716824,3,block_complete,5cd096be41dacf001574fad0,42.0,Male
149,149,159914671,3,block_complete,5d7389f193a945001a3ea504,26.0,Male
150,150,292465604,3,block_complete,5d736618871bc1001b3b455b,39.0,Female
151,151,302662617,3,block_complete,Ana Alberto,,DATA_EXPIRED
152,152,485387700,3,block_complete,5b490a944277fd0001f01af4,27.0,Female
153,153,527463295,3,block_complete,5b9e401bf074140001051957,48.0,Male
154,154,538834479,3,block_complete,5c88280dfdc63100156fce8e,22.0,Female
155,155,597181133,3,block_complete,5c725b606908be0001b47b14,47.0,Female
156,156,924835248,3,block_complete,5c97b5f7cff9b20017cae6ee,28.0,Male
157,157,1131714999,3,block_complete,5c6eed7954a5ae000164af9b,38.0,Male
158,158,1174795700,3,block_complete,5d153acb33ac2f000170542a,23.0,Female
159,159,1180527555,3,block_complete,5d100920f62d000019977472,25.0,Male
160,160,1193652505,3,block_complete,5d0505f9b944d800182b7779,36.0,Female
161,161,1386068581,3,block_complete,5d6e7dad5483b9001623bf7d,26.0,Male
162,162,1417038595,3,block_complete,5d754a0ae8351c0001f3ffc8,23.0,Female
163,163,1625225209,3,block_complete,5c2f75c660ccf00001123c6f,24.0,Male
164,164,1644853008,3,block_complete,57da96a2bcd7150001ded382,36.0,Female
165,165,1681604433,3,block_complete,5c31153f3780ba0001988561,28.0,Male
166,166,1735261667,3,block_complete,5ca2e32ebe95fb00111e7cca,37.0,Male
167,167,1782608892,3,block_complete,5d1df3064418d1001ece37bc,28.0,Male
168,168,1996401239,3,block_complete,5d735a44500bf3001abcad0a,47.0,Female
169,169,2112416812,3,block_complete,5bdeefc5b50d08000102e718,23.0,Male
170,170,2159355233,3,block_complete,594bc549f95b1d0001909e90,34.0,DATA_EXPIRED
171,171,2205695617,3,block_complete,5c8b7b1c2166510016180817,23.0,Female
172,172,2248486391,3,block_complete,58fdcd2be219d00001ee5aa0,,DATA EXPIRED
173,173,2425314803,3,block_complete,5d724507f1b44b001a5cd612,20.0,Female
174,174,2501877954,3,block_complete,5cc732698c322e0017912cd8,33.0,Male
175,175,2505424078,3,block_complete,5d09d48baadadc0015bc5e20,35.0,Male
176,176,2574218316,3,block_complete,5b16bc7644127b00013f7245,23.0,Female
177,177,2656619196,3,block_complete,5b71997a26040f00011a48cf,23.0,Male
178,178,2854774464,3,block_complete,5ba81e70c2358e0001d27708,25.0,Male
179,179,2914073961,3,block_complete,5c2e818561f049000169d2d5,21.0,Male
180,180,2964956994,3,block_complete,5d7145d8bd3e8d001972f024,39.0,Female
181,181,3318883424,3,block_complete,5cc83e0f74ba13001873d830,23.0,Male
182,182,3325406994,3,block_complete,5cc1f4d8ef7ba20017330c2a,26.0,Male
183,183,3498203126,3,block_complete,5bc7836006900800013a05db,31.0,Female
184,184,3552414527,3,block_complete,5d277538379e51000149184d,20.0,Female
185,185,3644175643,3,block_complete,5c0d9307b75bc50001407596,29.0,Female
186,186,3884054825,3,block_complete,5c27fe6047ec3c00012d6542,32.0,Female
187,187,3931951316,3,block_complete,5d6a509de2e3c900189b2805,34.0,Female
188,188,3961533162,3,block_complete,5cf000a45ee75700181cb478,21.0,Female
189,189,4028972236,3,block_complete,5c5db5734ee81200018eb8a5,65.0,Female
190,190,4525251743,3,block_complete,5ba68dd877f30d00014fd542,41.0,Female
191,191,4573220594,3,block_complete,5b167001203e430001ac8d88,28.0,Male
192,192,4654212483,3,block_complete,5c5304d3db44c600010d5e00,21.0,Male
193,193,4826204923,3,block_complete,5d5d5a52d0041e0001b5cd12,30.0,DATA EXPIRED
194,194,4884548637,3,block_complete,5c93bd73642b0c00172314eb,24.0,Male
195,195,5025301979,3,block_complete,5c5e3853de929b0001a4d683,43.0,Male
196,196,5216579055,3,block_complete,5c3e1a22dc2cf90001928445,28.0,Female
197,197,5716272819,3,block_complete,5b918e98290d2400016828d3,25.0,Female
198,198,5892663734,3,block_complete,5d7243fef602b6001997d5d9,35.0,Male
199,199,5930585079,3,block_complete,5d642b7dc185a1001653cf96,35.0,Female
200,200,5973010244,3,block_complete,5c0a75e205c4990001c625e4,23.0,Male
201,201,5994979349,3,block_complete,5c388dd8fa11e9000157c383,25.0,Female
202,202,6017802110,3,block_complete,5d75915793a94500013eabfc,38.0,Male
203,203,6092311791,3,block_complete,5c7e70c2973d7200012c63c8,40.0,Female
204,204,6535203292,3,block_complete,5bf6cfc53db90d0001f4807c,25.0,Male
205,205,6866710571,3,block_complete,5c66f20ca76ae50001d3e3fb,25.0,Female
206,206,6944134479,3,block_complete,5a706296c2eb6c00017e0c17,42.0,Female
207,207,7016487012,3,block_complete,5c99fed960fab50001cbbae0,19.0,Male
208,208,7033271390,3,block_complete,5d75b0c234fc8b0016084a00,27.0,Female
209,209,7034981248,3,block_complete,5c5caa44fac6510001533df8,35.0,Male
210,210,7035579695,3,block_complete,5a46b7701ba496000102ac38,44.0,Male
211,211,7135376641,3,block_complete,5c806a4ff94c350001c19dcd,24.0,Female
212,212,7253618055,3,block_complete,5c6fdfeeb21f1500014f9e23,27.0,Female
213,213,7312552984,3,block_complete,5aabd17644adc700014c8621,32.0,Male
214,214,7364750782,3,block_complete,5b60a14b9f910b000144846b,44.0,Male
215,215,7404554966,3,block_complete,5d75a4caa91b61000159ff68,33.0,Female
216,216,7431060062,3,block_complete,5c419529c39dd700016f1f6c,20.0,Male
217,217,7553473373,3,block_complete,5be54a0b909cdc0001748bc9,45.0,Female
218,218,7690287233,3,block_complete,5d557e24ab181c0001aaa777,41.0,Female
219,219,7808118576,3,block_complete,5d1a37dcdca34a0001fb88bf,30.0,Female
220,220,8049582591,3,block_complete,5c169a5a1f6f15000149bf59,36.0,Male
221,221,8287681369,3,block_complete,5d5ff4697721bf0015083888,46.0,Female
222,222,8399659739,3,block_complete,5c755c855813f300019e5812,26.0,Male
223,223,8441021092,3,block_complete,5d40706844220d00191363da,25.0,Female
224,224,8556440013,3,block_complete,5bf701f893dbb1000132b40f,23.0,Female
225,225,8833192112,3,block_complete,5adf78e55f327e0001fb8515,27.0,Male
226,226,8887894370,3,block_complete,5d744b81abfec0001ad24c39,22.0,Male
227,227,8942483746,3,block_complete,5bcc96e06d7b060001b6a4da,,Male
228,228,9620892707,3,block_complete,5d3f774f55efbe001792c01b,23.0,Male
229,229,9943429606,3,block_complete,5d7223f5e0c76e0018132730,32.0,Male
230,230,1108836,4,block_complete_simple,5c70b5b1d1948c0001d8f8b3,38.0,Male
231,231,48792589,4,block_complete_simple,5c448a8452eba20001da07d0,31.0,Female
232,232,90015198,4,block_complete_simple,5e2eff0c020d13011783c218,21.0,Male
233,233,218994630,4,block_complete_simple,5b3d79ec4915d00001828240,48.0,Female
234,234,368457039,4,block_complete_simple,5c38afe2fb3f0f0001fdfe6f,37.0,Female
235,235,442878355,4,block_complete_simple,5d5098ef7d9cfb001592b03e,20.0,Female
236,236,550272957,4,block_complete_simple,5c1a46e47fb37900018348c5,38.0,Male
237,237,582861850,4,block_complete_simple,5d6af10e8fabb6001a45d483,22.0,Male
238,238,595508711,4,block_complete_simple,5c9fd42c5a47af00013458f8,38.0,Male
239,239,597981193,4,block_complete_simple,5b2914d57f78160001466c01,22.0,Male
240,240,621642223,4,block_complete_simple,5c30666370d93a000122db0e,23.0,Male
241,241,648426026,4,block_complete_simple,5c1ce6de4e0f2f00015bfaae,24.0,Female
242,242,873546518,4,block_complete_simple,5cdbccc61da1600019b00683,22.0,Male
243,243,967153395,4,block_complete_simple,5e541f4f6567b5423b7808c5,24.0,Male
244,244,992350175,4,block_complete_simple,5e5f97632026112d63c13d99,,DATA_EXPIRED
245,245,1355082117,4,block_complete_simple,5dfc9db54cac6899b466a76b,33.0,Female
246,246,1404839795,4,block_complete_simple,5cd422b7e62009001b03f107,20.0,Male
247,247,1646393195,4,block_complete_simple,5df213d627130511af69dcda,27.0,Male
248,248,1891159546,4,block_complete_simple,5da98e800f35db00176e5aca,32.0,Female
249,249,1925322831,4,block_complete_simple,5e5fb768a64d9401d0c32e42,33.0,Female
250,250,2192082400,4,block_complete_simple,5d1b4223bafe26001ec6ae62,27.0,Female
251,251,2212675668,4,block_complete_simple,5d710c5affe2ff0017d68164,43.0,Female
252,252,2243562358,4,block_complete_simple,5dd5855018beb6544df7f797,30.0,DATA EXPIRED
253,253,2355484161,4,block_complete_simple,5db08511eeac210017277e9a,22.0,Female
254,254,2411291062,4,block_complete_simple,5dbbc6df8c985619a5c81e60,30.0,Female
255,255,2415969836,4,block_complete_simple,5d28efe23cb67a001aa1ec85,32.0,Male
256,256,2441926547,4,block_complete_simple,5d293924af9e43001b1e4e22,23.0,Male
257,257,2611274142,4,block_complete_simple,5d83908c167afc00192098da,23.0,Female
258,258,2611987421,4,block_complete_simple,5e5fc346cf3e300453d01cde,25.0,Female
259,259,2747929965,4,block_complete_simple,5e0d1a1b58a5c74ca4f64100,32.0,Female
260,260,2872656356,4,block_complete_simple,5c4b134cd8496e0001edd0c1,35.0,Male
261,261,2943081445,4,block_complete_simple,5d39b3a9bb55980018820b3e,30.0,Female
262,262,2998674400,4,block_complete_simple,5e5fc0214d517f000c3d9b8c,27.0,Female
263,263,2999659995,4,block_complete_simple,5e294b7ce3d9801049d7bdbc,35.0,Female
264,264,3081381160,4,block_complete_simple,5b5852d6508b8c0001a6b26d,27.0,Male
265,265,3344198162,4,block_complete_simple,5ce6b3d41dc19200012b217d,32.0,Male
266,266,3490395612,4,block_complete_simple,5773ff31ca706f000190e8a1,39.0,Female
267,267,3588885474,4,block_complete_simple,5d960437ad712c00174c3e0f,26.0,Male
268,268,3654455906,4,block_complete_simple,5beeda51555093000152d513,23.0,Male
269,269,3725083710,4,block_complete_simple,5e18f8cbfd41cf000b8ce770,28.0,Male
270,270,3881872107,4,block_complete_simple,5e5f96b3f28a102ce012dc71,24.0,Female
271,271,3993379848,4,block_complete_simple,5beec9024cdbdf0001968171,23.0,Male
272,272,4042033537,4,block_complete_simple,5da903f3b5c28d0017745a1c,22.0,Male
273,273,4088027894,4,block_complete_simple,5e566dff2019d5017a7fb7bb,21.0,Male
274,274,4315964876,4,block_complete_simple,5dc7df97380a675813d31732,28.0,Male
275,275,4414380563,4,block_complete_simple,5d14ef3eb392cf0019702012,25.0,Female
276,276,4594421250,4,block_complete_simple,5e5e7cc32c72aa1aa61754d7,26.0,Female
277,277,4904692266,4,block_complete_simple,5e470f0054f56d1ddbb2859f,39.0,Female
278,278,4998958958,4,block_complete_simple,5a84b912000dab00018c98a9,22.0,Male
279,279,5153081306,4,block_complete_simple,5bf58f993a46830001a6bb9c,27.0,Male
280,280,5371701186,4,block_complete_simple,5d427ae71d9e5700182c3d64,31.0,Male
281,281,5415380354,4,block_complete_simple,5be43a91c869770001fd2bea,27.0,Male
282,282,5594750071,4,block_complete_simple,5d377c44bd8f4b001a6b578e,27.0,Female
283,283,5967314420,4,block_complete_simple,5b43bcaab857640001312dd5,23.0,Male
284,284,5982509183,4,block_complete_simple,5daca66b71a51b00113172ce,19.0,Male
285,285,6535091015,4,block_complete_simple,5bd88c215d5a010001c1738b,,DATA EXPIRED
286,286,6550864538,4,block_complete_simple,5df7eeb4cc6822000ac81b07,21.0,Male
287,287,6723349976,4,block_complete_simple,5b05a1337492880001306b82,29.0,Female
288,288,6909224598,4,block_complete_simple,5d10d9675415690019d39b36,29.0,Female
289,289,6959402086,4,block_complete_simple,5e5f6d6f7dcf5b000a93add3,30.0,Male
290,290,7012446415,4,block_complete_simple,5a12e45d517dfb00013dc54c,30.0,Female
291,291,7245213734,4,block_complete_simple,5e123cb26a5bff8cec7fdc45,21.0,Male
292,292,7252118082,4,block_complete_simple,5bae499686294e0001234c64,30.0,Male
293,293,7637711366,4,block_complete_simple,5c791e24266f210012af518d,20.0,Female
294,294,7663145935,4,block_complete_simple,5a61c4e7b9e3b50001a6d205,42.0,Female
295,295,7783335910,4,block_complete_simple,5e160d134c81b2c00dd1d179,20.0,Male
296,296,7919854825,4,block_complete_simple,5e57d047e9f4140220930646,23.0,Male
297,297,7985901645,4,block_complete_simple,5a96a0916219a30001d31fbb,41.0,Male
298,298,8073303234,4,block_complete_simple,5e2ff7565cd6b4000b451ad0,24.0,Male
299,299,8275818541,4,block_complete_simple,5d5ef0f7befec1001944e1f0,20.0,Male
300,300,8424328749,4,block_complete_simple,f5d21f63e4c6155001b9199e,,DATA_EXPIRED
301,301,8454264799,4,block_complete_simple,5d7957036797da0019537ad1,,DATA EXPIRED
302,302,8599388143,4,block_complete_simple,5ce193181b186d0018af0392,39.0,Female
303,303,8654275178,4,block_complete_simple,5e5d8f748627aa0a7ddf756c,21.0,Male
304,304,8715158374,4,block_complete_simple,5ded38524ee10e3fef78a74e,34.0,Male
305,305,8778424626,4,block_complete_simple,5bbbf5339697e20001462af2,28.0,Female
306,306,8902204865,4,block_complete_simple,5c1f7cba18a5a60001762f79,37.0,Male
307,307,9005673772,4,block_complete_simple,5d0a2adaa068020001b0c44d,,DATA EXPIRED
308,308,9062212738,4,block_complete_simple,5e5e623737be5e1762ad4418,21.0,Male
309,309,9065967467,4,block_complete_simple,5bad564f2b86390001ccdd4c,59.0,Male
310,310,9466491302,4,block_complete_simple,57e4355291b7fc0001494db8,28.0,Male
311,311,9614256305,4,block_complete_simple,59d793bbcfaf74000161143e,25.0,Male
312,312,9619549991,4,block_complete_simple,5c7e7970efcd55000105a686,29.0,Female
313,313,9634284919,4,block_complete_simple,5c1ab1b454b5d700014382da,23.0,Male
314,314,9725707173,4,block_complete_simple,5a981aa0f05361000171e44e,,DATA EXPIRED
315,315,9768578201,4,block_complete_simple,5e551bdb4f51d6000b8eb12a,24.0,Male
316,316,9771221088,4,block_complete_simple,5cec46d8bc1ea400184030fb,35.0,Male
317,317,9923207338,4,block_complete_simple,5e5fc65b2fa0a630d38a4251,22.0,Female
318,318,63347449,5,block_complete_mixed,5d6e3802ec4df400153b7ed4,34.0,Male
319,319,276331577,5,block_complete_mixed,5c2cdd3f70d93a0001222856,31.0,Male
320,320,488938808,5,block_complete_mixed,5b644d29080ab7000130fa88,39.0,Female
321,321,516238557,5,block_complete_mixed,5dad865e32175a0014451b20,69.0,Male
322,322,606870601,5,block_complete_mixed,5dc80bda092079592fb337f6,26.0,Male
323,323,634081070,5,block_complete_mixed,5d2c69e1791add00017177a5,46.0,Male
324,324,640603376,5,block_complete_mixed,58433bcdc731e500012e2f4b,38.0,Female
325,325,898376521,5,block_complete_mixed,5d7970b97799cf001ab0bd5c,46.0,Male
326,326,1062219069,5,block_complete_mixed,599d753f872eec00019569d7,22.0,Female
327,327,1067651383,5,block_complete_mixed,5d4b16d75b4ba90019b9faf4,53.0,Female
328,328,1114395372,5,block_complete_mixed,5d0b9a273ecbfb00018494fc,20.0,Male
329,329,1256625503,5,block_complete_mixed,5b590817db94af0001394211,26.0,Female
330,330,1345834400,5,block_complete_mixed,5d901b10d7a21a001d635d12,30.0,Male
331,331,1410921446,5,block_complete_mixed,5d93b723e248c2001767fafa,43.0,Female
332,332,1838459966,5,block_complete_mixed,5da1f3892fbd820014bf39d0,24.0,Male
333,333,1872878745,5,block_complete_mixed,5c49b156f5e26d0001479b44,66.0,Female
334,334,1879919801,5,block_complete_mixed,5ccff711a92acb0017c7856b,29.0,Female
335,335,1900800062,5,block_complete_mixed,5dc066bbb63adf012c1a7056,23.0,Male
336,336,2031328771,5,block_complete_mixed,5c1443d21f6f150001494f6a,31.0,Male
337,337,2340383061,5,block_complete_mixed,5bdab10cb341a4000154242e,22.0,Male
338,338,2381971778,5,block_complete_mixed,5db0c0adccd3190016f4a792,30.0,Male
339,339,2493475508,5,block_complete_mixed,594abd98215cbd000146debc,52.0,Female
340,340,2694397415,5,block_complete_mixed,5bfea0615dd3630001265084,21.0,Male
341,341,2948196849,5,block_complete_mixed,5a8adbd3f1408d000176a8d5,53.0,Female
342,342,2958638844,5,block_complete_mixed,5dbca5177d803423e68de45f,30.0,Male
343,343,2983526935,5,block_complete_mixed,58bafe0a82e0250001caf492,31.0,Male
344,344,3190405317,5,block_complete_mixed,5c5b77c803dbc1000191ffe6,,DATA EXPIRED
345,345,3368790612,5,block_complete_mixed,5d355267cf37440001b15e34,,DATA EXPIRED
346,346,3429508147,5,block_complete_mixed,5dc053a989691e000c6977d7,21.0,Male
347,347,3768525058,5,block_complete_mixed,5ce1753c58949f0018561140,20.0,Female
348,348,3808156870,5,block_complete_mixed,5cf12b12fe14310001ce0928,28.0,Male
349,349,4276413360,5,block_complete_mixed,5b27b2090ec82d0001d22f12,33.0,Female
350,350,4351474761,5,block_complete_mixed,5b0d528dee290600010f483d,24.0,Female
351,351,4436650833,5,block_complete_mixed,5adb312cdee8590001b00f11,25.0,Male
352,352,4917582734,5,block_complete_mixed,5cab69f77ea4a700019a87dc,59.0,Female
353,353,5146235238,5,block_complete_mixed,5da37d0751b87c00167d2b61,24.0,Female
354,354,5429484593,5,block_complete_mixed,5db9fbd20fbd8b05db2aa3ed,25.0,Male
355,355,5504238612,5,block_complete_mixed,5beae78329a0d600015d6a4e,53.0,Female
356,356,5639209336,5,block_complete_mixed,5d433248638dca0015da9d7b,20.0,Male
357,357,5755226054,5,block_complete_mixed,5dc0a28f27d05205683c8bb3,40.0,Male
358,358,5888205169,5,block_complete_mixed,5da03af21ce7220014f5c02c,21.0,Female
359,359,5954135188,5,block_complete_mixed,5d55ced455906f0001c1bdef,30.0,Female
360,360,5995168617,5,block_complete_mixed,5be0a65507684000010cf0f9,31.0,Female
361,361,5999158135,5,block_complete_mixed,5da384f1bd6021001610e1d4,21.0,Male
362,362,6430650625,5,block_complete_mixed,5dc6e065e41a9f4e9b3f952c,20.0,Male
363,363,6476824961,5,block_complete_mixed,5ce15b0ea7b516001828c646,58.0,Male
364,364,6536250267,5,block_complete_mixed,5daaed30104d7d00162a6546,28.0,Male
365,365,6575091711,5,block_complete_mixed,5b044a6d72815200013eba92,34.0,Male
366,366,6746510839,5,block_complete_mixed,5b34f6aa6d601d0001d64d16,20.0,Female
367,367,6818692359,5,block_complete_mixed,5d6d82acab68f90001f53194,21.0,Male
368,368,6913892173,5,block_complete_mixed,5c503c8cc150bc0001ff2291,29.0,Female
369,369,7136320229,5,block_complete_mixed,5c3872541736360001471ca0,24.0,Male
370,370,7206312630,5,block_complete_mixed,5d049f0e0b54cc0001dad5ba,52.0,Female
371,371,7251742556,5,block_complete_mixed,5b9af1bec8b4c60001ac5aa1,26.0,Female
372,372,7253882370,5,block_complete_mixed,5d2b153afa24ba00173e8ee0,20.0,Female
373,373,7361012428,5,block_complete_mixed,5c38c00ff0ae4c00011233f2,30.0,Male
374,374,7644399462,5,block_complete_mixed,5d8911dd8dffca0016bf3b0b,21.0,Male
375,375,7690973318,5,block_complete_mixed,5c5e04ca6539fe00016e1afa,23.0,Female
376,376,7805444822,5,block_complete_mixed,5db74911fe9521000b21f667,20.0,Male
377,377,7871387267,5,block_complete_mixed,5cec2831539ced0017fbc5f4,50.0,Male
378,378,8340034375,5,block_complete_mixed,5d374dad87890100159e52b3,35.0,Male
379,379,8618778450,5,block_complete_mixed,5dafea4de40355001651fa2f,26.0,Male
380,380,8739638829,5,block_complete_mixed,5b65dd7bcda8590001dada98,23.0,Male
381,381,8796272661,5,block_complete_mixed,591c76c53ae7870001cb0c60,54.0,Female
382,382,8804881897,5,block_complete_mixed,5c2cdb4e213a1a0001b9c475,43.0,Female
383,383,8881494125,5,block_complete_mixed,5af491b6222e4d0001877572,38.0,Female
384,384,9026819458,5,block_complete_mixed,56f7982b35c4760006278c61,34.0,Male
385,385,9428971073,5,block_complete_mixed,5dac3f1b063b1e00170131e1,30.0,Female
386,386,9623733795,5,block_complete_mixed,5d3532fb6178c20018195407,24.0,Female
387,387,9847129170,5,block_complete_mixed,5d37016fb3fa9f00011456bc,27.0,Male
388,388,9951360162,5,block_complete_mixed,5ba85e7eb3b5400001ce044e,34.0,Female
389,389,188527757,6,block_complete_mixed_2s,5d8a1f7218133500163107f8,32.0,Female
390,390,300990329,6,block_complete_mixed_2s,5d24cb1417b7100019b5d319,20.0,Male
391,391,354823815,6,block_complete_mixed_2s,5cc3685746fb4500011c02de,29.0,Female
392,392,444654289,6,block_complete_mixed_2s,5c1a9424a329230001ecaabd,35.0,Female
393,393,777812866,6,block_complete_mixed_2s,5dc16474a0910f0cd0b882f1,20.0,Male
394,394,905931326,6,block_complete_mixed_2s,5c0210a15c0594000114fe35,25.0,Male
395,395,1202407836,6,block_complete_mixed_2s,5db1b4095b8b65000fe5f097,38.0,Female
396,396,1347554112,6,block_complete_mixed_2s,5da8ad3c47b9d20015a2e50d,20.0,DATA EXPIRED
397,397,1696551699,6,block_complete_mixed_2s,5c21f91a867f660001ad4a2a,28.0,Male
398,398,1771380314,6,block_complete_mixed_2s,5d9de57969768000156979a1,43.0,Female
399,399,1857576520,6,block_complete_mixed_2s,5cac639638d61000014da640,23.0,Male
400,400,1915175753,6,block_complete_mixed_2s,5dd7ec8a6ca7e7780fb7921b,22.0,Female
401,401,2144241069,6,block_complete_mixed_2s,5d17b6f2c9ee35001a76a33b,23.0,Male
402,402,2439133310,6,block_complete_mixed_2s,5b1e7a55c813a60001480313,22.0,Male
403,403,2543302318,6,block_complete_mixed_2s,5dcebe06c5faa2000d2a28ef,20.0,Male
404,404,2635557376,6,block_complete_mixed_2s,5dc85415ae3b3b5bb3d59bd0,24.0,Female
405,405,2677868939,6,block_complete_mixed_2s,5c7e7d92274125000179f2f0,36.0,Male
406,406,2912457949,6,block_complete_mixed_2s,5d754d633e40c60018081e5a,21.0,Female
407,407,3074826417,6,block_complete_mixed_2s,5ccc3dd7a758ba00133c0763,23.0,Male
408,408,3199254034,6,block_complete_mixed_2s,55f1ca7532af7400121700cc,43.0,Female
409,409,3203386323,6,block_complete_mixed_2s,5d6658e687d5d800014a78f8,26.0,Male
410,410,3279414582,6,block_complete_mixed_2s,5c6c65f096e5aa000163e34f,30.0,Female
411,411,3285005267,6,block_complete_mixed_2s,5d9dca83bf11cf00175ad0d3,24.0,Female
412,412,3960774710,6,block_complete_mixed_2s,5dd7c8d5ce1ce676b9991e49,25.0,Male
413,413,4035293299,6,block_complete_mixed_2s,5751d7ab330ae900070385c2,26.0,Female
414,414,4485613355,6,block_complete_mixed_2s,5da22d40497c8c00163694a1,21.0,Female
415,415,5011453717,6,block_complete_mixed_2s,5d5106b390d5460001e2ca28,22.0,Male
416,416,5049861308,6,block_complete_mixed_2s,5abc0d68436f550001ff83ff,28.0,Male
417,417,5372657539,6,block_complete_mixed_2s,5d3f10e626d3fe0018148dcf,23.0,Male
418,418,5383854353,6,block_complete_mixed_2s,576fc3462984e70001a97fc3,30.0,Male
419,419,5405165472,6,block_complete_mixed_2s,5ca4d070d78dde00166203b2,25.0,Male
420,420,5743173355,6,block_complete_mixed_2s,5cf3ba5781ea050017a61781,34.0,Female
421,421,5806943686,6,block_complete_mixed_2s,5d6ff13f0fbfc50018f710fc,20.0,Male
422,422,6049056249,6,block_complete_mixed_2s,5cc9bad1a46b3500196cfd1b,21.0,Female
423,423,6093260441,6,block_complete_mixed_2s,5cfdbf81f8ff8a00157310e0,24.0,Male
424,424,6528988416,6,block_complete_mixed_2s,5992b97bf9db7d0001895522,26.0,Female
425,425,6731022753,6,block_complete_mixed_2s,5cdf3e46bb4ac30001597901,,DATA EXPIRED
426,426,6810371132,6,block_complete_mixed_2s,5da076e9c8d3b80019947c81,27.0,Female
427,427,6841577798,6,block_complete_mixed_2s,5ce14685c07328001a4c088c,26.0,Male
428,428,6904022065,6,block_complete_mixed_2s,59d4ff54e59146000112e5b1,48.0,Female
429,429,6908257316,6,block_complete_mixed_2s,5d55548417edfb00175baa8c,33.0,Female
430,430,6951035408,6,block_complete_mixed_2s,5d11e8d591273300158beddd,41.0,Male
431,431,7015256399,6,block_complete_mixed_2s,5dd7eb4841fb3f785f7ec7c8,32.0,Female
432,432,7327640563,6,block_complete_mixed_2s,5c88f5fc62c53d0001eea010,24.0,Female
433,433,7351421053,6,block_complete_mixed_2s,5c92c143719a1d0018e5e089,50.0,Female
434,434,7394137780,6,block_complete_mixed_2s,5afd421f7d6f3a000197443b,27.0,Female
435,435,7538227545,6,block_complete_mixed_2s,5dc458cbbe3c0f32514b1bf4,24.0,Male
436,436,7623550389,6,block_complete_mixed_2s,5bb3ddb527fb5000013c0de9,34.0,Female
437,437,7986889810,6,block_complete_mixed_2s,5d133ffea271e40001743572,50.0,Female
438,438,8197618914,6,block_complete_mixed_2s,5ce43a70aade7100152e6e77,58.0,Female
439,439,8337296857,6,block_complete_mixed_2s,59dbe3522f63d30001c8f22f,47.0,Female
440,440,8445662418,6,block_complete_mixed_2s,5dd3e1a95e91193be490487d,22.0,Female
441,441,8521713127,6,block_complete_mixed_2s,58b20a24c352cc0001ed554b,33.0,Female
442,442,8611075408,6,block_complete_mixed_2s,5cc2e2579402ad0018c3a3c1,20.0,Male
443,443,8801581661,6,block_complete_mixed_2s,55e1e437ac274f0005e95a48,36.0,Male
444,444,8817187159,6,block_complete_mixed_2s,597dde79bedf280001dc3be7,23.0,Female
445,445,9174604198,6,block_complete_mixed_2s,5bd7b4053dac81000124b592,38.0,Female
446,446,9271663789,6,block_complete_mixed_2s,5bf907e118430e0001861b0b,38.0,Male
447,447,9369701449,6,block_complete_mixed_2s,5dacbdc050ce0a0013f6716e,22.0,Female
448,448,9485603989,6,block_complete_mixed_2s,5dd607295686c15b3546af4b,41.0,Male
449,449,9539797135,6,block_complete_mixed_2s,5cce493d2f210d0018c346f5,24.0,Male
450,450,9557542668,6,block_complete_mixed_2s,5d82852ae7a57100011a6122,21.0,Male
451,451,9562679517,6,block_complete_mixed_2s,5c6d60a581e1d50001627386,25.0,Male
452,452,9826461572,6,block_complete_mixed_2s,5d02c129d6f73f0019188942,25.0,Male
453,453,9910785139,6,block_complete_mixed_2s,5bafec568f3bd70001e4e5f8,21.0,Male
454,454,9977205690,6,block_complete_mixed_2s,5d3f2f2cad8086000151f6bf,20.0,Male
455,455,124627775,7,block_complete_mixed_2s_amb_heuristic,5c48c13bcae0ab0001890ce4,52.0,Female
456,456,556153023,7,block_complete_mixed_2s_amb_heuristic,5da6f72f153eda0016068ab7,53.0,Male
457,457,895819631,7,block_complete_mixed_2s_amb_heuristic,5c8bafb53b6f3d00013d7c30,32.0,Male
458,458,932727537,7,block_complete_mixed_2s_amb_heuristic,5bdca92f76d6d50001bc2f4c,29.0,Female
459,459,971363531,7,block_complete_mixed_2s_amb_heuristic,5c25315c2c45d4000148afec,42.0,Female
460,460,1129813446,7,block_complete_mixed_2s_amb_heuristic,5d0e3b9955790000010eb51c,26.0,Female
461,461,1305386577,7,block_complete_mixed_2s_amb_heuristic,5c6dd18f4e08ad00018cc5f6,28.0,Male
462,462,1309282192,7,block_complete_mixed_2s_amb_heuristic,5d93297851b405001ab21816,25.0,Male
463,463,1422105023,7,block_complete_mixed_2s_amb_heuristic,5d467c65f0b006001a3f1261,38.0,Female
464,464,1497137283,7,block_complete_mixed_2s_amb_heuristic,5d7d252ed929720001b5b712,30.0,Female
465,465,1601562752,7,block_complete_mixed_2s_amb_heuristic,59cfe8f223b3e500018f51c1,27.0,Female
466,466,1653285084,7,block_complete_mixed_2s_amb_heuristic,5e132347375134000b3d1236,26.0,Male
467,467,1711699235,7,block_complete_mixed_2s_amb_heuristic,5cb6f38ffdc7fa0013f809a3,66.0,Male
468,468,1792907471,7,block_complete_mixed_2s_amb_heuristic,5b8f9a9d8830c60001dc3aee,31.0,Male
469,469,1903113878,7,block_complete_mixed_2s_amb_heuristic,55f19d774779250012dd3644,23.0,Male
470,470,2068770643,7,block_complete_mixed_2s_amb_heuristic,5be350a51824e4000189d5ba,33.0,Female
471,471,2170795756,7,block_complete_mixed_2s_amb_heuristic,5e0e0304e69d0a56436f94bd,23.0,DATA_EXPIRED
472,472,2388696261,7,block_complete_mixed_2s_amb_heuristic,5c38dab0f0ae4c00011238c1,68.0,Female
473,473,2565632698,7,block_complete_mixed_2s_amb_heuristic,5dd6d7957beb2966ce4d9e82,26.0,Male
474,474,2680033910,7,block_complete_mixed_2s_amb_heuristic,5c430039e972300001ac04f3,26.0,Female
475,475,2717107589,7,block_complete_mixed_2s_amb_heuristic,5b9ae2e307c6960001613886,36.0,Female
476,476,2862428034,7,block_complete_mixed_2s_amb_heuristic,5b918e98290d2400016828d3,25.0,Female
477,477,2953267423,7,block_complete_mixed_2s_amb_heuristic,5d2e1cdedf405500014c3a04,41.0,Male
478,478,3080877510,7,block_complete_mixed_2s_amb_heuristic,5d8ccf4fd3309d001a8ce0b6,27.0,Female
479,479,3138021066,7,block_complete_mixed_2s_amb_heuristic,5dd02066c5faa211d6aa6f36,47.0,Female
480,480,3370439916,7,block_complete_mixed_2s_amb_heuristic,5c479e4cdeaef300017e5c9c,31.0,Male
481,481,3396351285,7,block_complete_mixed_2s_amb_heuristic,5d11f6b091c008001530d0fb,32.0,Female
482,482,3408928838,7,block_complete_mixed_2s_amb_heuristic,5d3d9749607ede001a0712df,20.0,Female
483,483,3420592490,7,block_complete_mixed_2s_amb_heuristic,5dbacc2c4ea3b20e251ff647,23.0,Female
484,484,3567940640,7,block_complete_mixed_2s_amb_heuristic,5c85883136f2450001c86ba9,31.0,Female
485,485,4006287821,7,block_complete_mixed_2s_amb_heuristic,5d235928a13827001a257b44,25.0,Female
486,486,4316691939,7,block_complete_mixed_2s_amb_heuristic,5dc5995e5d81cd4153e00138,25.0,Female
487,487,4436707772,7,block_complete_mixed_2s_amb_heuristic,5d66c06a3fcbbc0001f3dc15,21.0,Male
488,488,4581296342,7,block_complete_mixed_2s_amb_heuristic,5dcc068f611e1a8a0a49e2a1,22.0,Male
489,489,4891453072,7,block_complete_mixed_2s_amb_heuristic,56fef40d04254b0009008b6e,30.0,Male
490,490,5399953484,7,block_complete_mixed_2s_amb_heuristic,5a8b57da000dab00018ccb72,54.0,Female
491,491,5462758803,7,block_complete_mixed_2s_amb_heuristic,5cf3c41f83416100157ce12e,38.0,Male
492,492,5838699269,7,block_complete_mixed_2s_amb_heuristic,5cb4a22ae7a9f20001ce8b50,23.0,Male
493,493,6126703028,7,block_complete_mixed_2s_amb_heuristic,5d97091b1787f60011e03cdf,37.0,Male
494,494,6294140484,7,block_complete_mixed_2s_amb_heuristic,5d318d918b7318001950e42c,40.0,Female
495,495,6296042468,7,block_complete_mixed_2s_amb_heuristic,5c051091d30e3200016df697,33.0,Male
496,496,6321947906,7,block_complete_mixed_2s_amb_heuristic,5da5fdef9a9dc5001484350b,27.0,Female
497,497,6437422550,7,block_complete_mixed_2s_amb_heuristic,5d8bd78ea59fed00194306a8,20.0,Male
498,498,6688304650,7,block_complete_mixed_2s_amb_heuristic,5dd6be845daaa664ee567655,36.0,Male
499,499,6722069266,7,block_complete_mixed_2s_amb_heuristic,5da9eddb59f3710012836dae,22.0,Male
500,500,6806590155,7,block_complete_mixed_2s_amb_heuristic,5c0fc9645096c60001f15b12,34.0,Male
501,501,6825679082,7,block_complete_mixed_2s_amb_heuristic,5b96dd68d193e30001b3cb69,31.0,Male
502,502,7102624807,7,block_complete_mixed_2s_amb_heuristic,5bad6504f588f200012bab65,46.0,Female
503,503,7307912971,7,block_complete_mixed_2s_amb_heuristic,5af4f14f86fd9c0001664a21,31.0,Male
504,504,7508687344,7,block_complete_mixed_2s_amb_heuristic,5be8dab5d153f500019ab320,47.0,Male
505,505,7836267890,7,block_complete_mixed_2s_amb_heuristic,5d1e47055538e6001a842e3b,,DATA_EXPIRED
506,506,7891830409,7,block_complete_mixed_2s_amb_heuristic,5da330e8656efc001626ea3e,34.0,Male
507,507,7904127446,7,block_complete_mixed_2s_amb_heuristic,5b3ab8dcb6b4410001613d5b,24.0,Female
508,508,8057763368,7,block_complete_mixed_2s_amb_heuristic,5de6d5557544ea070b13d83a,41.0,Female
509,509,8219362488,7,block_complete_mixed_2s_amb_heuristic,5d46c24832ed2d0016267e59,42.0,Female
510,510,8328923420,7,block_complete_mixed_2s_amb_heuristic,5c37cfa819ceb400010c0979,22.0,Male
511,511,8502574211,7,block_complete_mixed_2s_amb_heuristic,5d6d15ce424136001af41fbc,25.0,Female
512,512,8806433868,7,block_complete_mixed_2s_amb_heuristic,5c2515f410677f0001db43f6,36.0,Female
513,513,8881045124,7,block_complete_mixed_2s_amb_heuristic,5c54b8f47f5e0c000143eec5,32.0,Female
514,514,9078693205,7,block_complete_mixed_2s_amb_heuristic,5a95694a4eecca0001dd4721,41.0,Male
515,515,9110758836,7,block_complete_mixed_2s_amb_heuristic,5be964367514d0000108cefc,37.0,Female
516,516,9203335703,7,block_complete_mixed_2s_amb_heuristic,5bef5e9211439b000168b116,26.0,Male
517,517,9231317773,7,block_complete_mixed_2s_amb_heuristic,5dc2fb9b09207920bc5125af,32.0,Female
518,518,9327136957,7,block_complete_mixed_2s_amb_heuristic,5dcc32a178cda08be0bf29f8,44.0,Female
519,519,9381303093,7,block_complete_mixed_2s_amb_heuristic,5b745aefcaefde0001f08744,22.0,Female
520,520,9593063154,7,block_complete_mixed_2s_amb_heuristic,5d9c543d184c4f00144d7cff,,DATA_EXPIRED
521,521,9594284875,7,block_complete_mixed_2s_amb_heuristic,5c825b1278b14e00123263e9,24.0,Male
522,522,9621262807,7,block_complete_mixed_2s_amb_heuristic,5e15b2c99195c6ba622e5814,32.0,Male
523,523,9723316559,7,block_complete_mixed_2s_amb_heuristic,5da6e6a788c639001280bcca,22.0,Male
524,524,9786937354,7,block_complete_mixed_2s_amb_heuristic,5d31ecccb9e1dc000197b221,29.0,Female
525,525,9997019496,7,block_complete_mixed_2s_amb_heuristic,5ba7f8f5351c52000158a55b,37.0,Female
526,526,6287760,8,block_complete_mixed_2s_amb_final,5cea706c0afd6e0001a9e93e,,DATA EXPIRED
527,527,115880576,8,block_complete_mixed_2s_amb_final,5cfd138810b14a001aa999d4,24.0,Male
528,528,174379249,8,block_complete_mixed_2s_amb_final,5b06e585b10e580001a3a757,39.0,Male
529,529,493670212,8,block_complete_mixed_2s_amb_final,5c3f53e45149ab0001dc54ce,25.0,Female
530,530,555841640,8,block_complete_mixed_2s_amb_final,5b587dc6efcd5c0001cebd03,29.0,Female
531,531,679342311,8,block_complete_mixed_2s_amb_final,5dd6fd26a0f99f000d914736,20.0,Male
532,532,682781464,8,block_complete_mixed_2s_amb_final,5c724b9506f23500016d652a,23.0,Male
533,533,754140344,8,block_complete_mixed_2s_amb_final,5da6c05d830b2c0016c068aa,21.0,Male
534,534,827700034,8,block_complete_mixed_2s_amb_final,5d1e760587df740019595970,21.0,Male
535,535,864793406,8,block_complete_mixed_2s_amb_final,5dbc3180ff9c981e0afd93c2,27.0,Male
536,536,866960181,8,block_complete_mixed_2s_amb_final,59e0b5faf005c50001b25412,41.0,Male
537,537,1429447083,8,block_complete_mixed_2s_amb_final,5b1f6bb54c72120001f24402,47.0,Female
538,538,1555623048,8,block_complete_mixed_2s_amb_final,5dab6e7d80e1780016d5bc9b,21.0,Female
539,539,1594257161,8,block_complete_mixed_2s_amb_final,5cf6088a6f91800001b8fe5c,25.0,Male
540,540,1683634926,8,block_complete_mixed_2s_amb_final,5c6fd6e2ff068d0001728ec6,23.0,Female
541,541,1997570396,8,block_complete_mixed_2s_amb_final,5c672e1a23f6300001381bcc,27.0,Female
542,542,2224134584,8,block_complete_mixed_2s_amb_final,5df9ff4566247b000d5d9a72,25.0,Female
543,543,2366627003,8,block_complete_mixed_2s_amb_final,5bf300a7ac0f0d000180a247,29.0,Female
544,544,2423593663,8,block_complete_mixed_2s_amb_final,5d39db7aa3960a001a3d2148,26.0,Female
545,545,2433227782,8,block_complete_mixed_2s_amb_final,5d5051e31025380015dc59b8,21.0,Male
546,546,2447133309,8,block_complete_mixed_2s_amb_final,5c5efab2abbcc10001e7033d,21.0,Male
547,547,2449389297,8,block_complete_mixed_2s_amb_final,5c1d350915a94b00018d676d,27.0,Male
548,548,2545250089,8,block_complete_mixed_2s_amb_final,5be75047f6d13b0001cf4f25,51.0,Female
549,549,2848994567,8,block_complete_mixed_2s_amb_final,5c0e4e3d87e876000151cfec,30.0,Female
550,550,2944568284,8,block_complete_mixed_2s_amb_final,5dc1f283fc1cda15c5015611,22.0,Male
551,551,3086614616,8,block_complete_mixed_2s_amb_final,5cdbcdb89f75db0001411059,21.0,Male
552,552,3247728848,8,block_complete_mixed_2s_amb_final,5c183335cbe760000142f24a,31.0,Male
553,553,3352450561,8,block_complete_mixed_2s_amb_final,5dee801e2ae04251c7aa3dd2,30.0,Female
554,554,3455124258,8,block_complete_mixed_2s_amb_final,5cc853de74b74800168d9597,26.0,Male
555,555,3508738566,8,block_complete_mixed_2s_amb_final,589ded250da7f10001de7954,66.0,Female
556,556,3838199660,8,block_complete_mixed_2s_amb_final,5bc7659a5b4a8700019a2b95,21.0,Female
557,557,3996261949,8,block_complete_mixed_2s_amb_final,5b9530390f85f600015705bf,31.0,Female
558,558,4038740691,8,block_complete_mixed_2s_amb_final,5d67ffdef5c633001847babd,25.0,Female
559,559,4588512244,8,block_complete_mixed_2s_amb_final,5d726b8a0c3f0f0017cdfcf7,31.0,Male
560,560,4736469272,8,block_complete_mixed_2s_amb_final,5ba1116401a2c7000196d67c,27.0,Female
561,561,4838985527,8,block_complete_mixed_2s_amb_final,5cd5419ba9a8c40019639382,26.0,Female
562,562,5050356783,8,block_complete_mixed_2s_amb_final,5df64f9f35a7a545b797d36b,27.0,Male
563,563,5170252380,8,block_complete_mixed_2s_amb_final,5d6dbe867df0cd0018261bc4,23.0,Male
564,564,5433564743,8,block_complete_mixed_2s_amb_final,5c904dd229b39400014e463d,20.0,Male
565,565,5579845501,8,block_complete_mixed_2s_amb_final,592f1045bb4ce30001bd4fba,28.0,Male
566,566,5613969898,8,block_complete_mixed_2s_amb_final,5d53be7ddaac02001566b548,35.0,Female
567,567,5649369787,8,block_complete_mixed_2s_amb_final,5c1d6613e2d9150001b5a7d1,,DATA EXPIRED
568,568,5690927936,8,block_complete_mixed_2s_amb_final,5d0d4f6fcab1b50001e97333,23.0,Female
569,569,5982435340,8,block_complete_mixed_2s_amb_final,5d6ea75a29c25100018a4bee,24.0,Female
570,570,6355793859,8,block_complete_mixed_2s_amb_final,5de418ca48df6441018ec575,27.0,Female
571,571,6372250392,8,block_complete_mixed_2s_amb_final,5d4b1ad811499700017452cb,26.0,Female
572,572,6488587354,8,block_complete_mixed_2s_amb_final,5c51dd37c91d1100017760b8,36.0,Male
573,573,6787578972,8,block_complete_mixed_2s_amb_final,5d652d923ca9fc00193d2e1d,23.0,Female
574,574,6799847552,8,block_complete_mixed_2s_amb_final,5be32a4a36b93f0001d9b926,27.0,Female
575,575,6851548502,8,block_complete_mixed_2s_amb_final,5c7c4d0dffaec400019b3699,35.0,Female
576,576,6923086110,8,block_complete_mixed_2s_amb_final,5989ee5ce65fa9000158067a,30.0,Male
577,577,6953109664,8,block_complete_mixed_2s_amb_final,5debf42d433c362ddb07f050,38.0,Male
578,578,7299640113,8,block_complete_mixed_2s_amb_final,5d9a125f1714540016a40a27,23.0,Female
579,579,7416204135,8,block_complete_mixed_2s_amb_final,5ddfc5a904ba3e03e96a5bd7,23.0,Female
580,580,7941021709,8,block_complete_mixed_2s_amb_final,5dee5b9435575a4eab1dfd73,30.0,Male
581,581,7999388346,8,block_complete_mixed_2s_amb_final,5d97685489740200138a3606,24.0,Female
582,582,8004108614,8,block_complete_mixed_2s_amb_final,565cd474f3a62b00068c6c25,31.0,Male
583,583,8048994010,8,block_complete_mixed_2s_amb_final,5d6906bf2aedf5001509d5f4,27.0,Female
584,584,8076274595,8,block_complete_mixed_2s_amb_final,5d34de398f657e00150dd0d5,60.0,Male
585,585,8360504020,8,block_complete_mixed_2s_amb_final,5aeafac6ba4ab20001db86f1,25.0,Male
586,586,8499008814,8,block_complete_mixed_2s_amb_final,5b19975aabf7350001abbeca,21.0,Female
587,587,8612438948,8,block_complete_mixed_2s_amb_final,5c196bce5ead950001bda707,22.0,Male
588,588,8743240180,8,block_complete_mixed_2s_amb_final,5a5110bb76d1c60001aaa059,44.0,Male
589,589,8792895060,8,block_complete_mixed_2s_amb_final,5d4b34eef76ba30018751137,23.0,Female
590,590,8911929604,8,block_complete_mixed_2s_amb_final,5ddb99b0322886aced59e556,33.0,Female
591,591,9097733798,8,block_complete_mixed_2s_amb_final,5bbf80fdd34ee70001d42c61,39.0,Female
592,592,9174613849,8,block_complete_mixed_2s_amb_final,5de76e8d36d8256e47625c4f,20.0,Female
593,593,9424581135,8,block_complete_mixed_2s_amb_final,5c92319c9d8971000188b921,25.0,Female
594,594,9548373533,8,block_complete_mixed_2s_amb_final,5c803241ddb3d000162daf60,34.0,Female
595,595,9602440669,8,block_complete_mixed_2s_amb_final,5c9a59baa32382000162ecc3,38.0,Male
596,596,9774420013,8,block_complete_mixed_2s_amb_final,5d7df958cb6cf00001399929,40.0,Male
597,597,9796288036,8,block_complete_mixed_2s_amb_final,5c6cc9e2ffe5270001d3e90c,27.0,Male
598,598,9978489779,8,block_complete_mixed_2s_amb_final,5cc888ae085b98001620bf4d,30.0,Female
599,599,64983248,9,incentivize,60f2c01eda767e48b6c2830a,25,Male
600,600,327106100,9,incentivize,5d82de0beecd2a000198dd3a,DATA_EXPIRED,DATA_EXPIRED
601,601,451247451,9,incentivize,6028587755736d18c83410bf,36,Male
602,602,548521417,9,incentivize,5f653cb18aad310a9ee7c32d,30,Female
603,603,711361880,9,incentivize,606c7d27f4f3ae688332a55d,24,Male
604,604,942561113,9,incentivize,613e18e92e4ed15176362aa2,19,Male
605,605,1175093423,9,incentivize,5db31089a1f8d3000c10a6c5,60,Female
606,606,1179698444,9,incentivize,60da187630a6c49f4f44d058,25,Male
607,607,1199712216,9,incentivize,5d069530ad18d40019bb768f,29,Male
608,608,1306587537,9,incentivize,5f84dba8c455331b7be18ab2,26,Male
609,609,1848711025,9,incentivize,5e57a0020c3c6a14a1624031,29,Male
610,610,1874870874,9,incentivize,60979b540a2cf2468fde514b,50,Female
611,611,1993714535,9,incentivize,617472a275f3c78a60844d68,36,Male
612,612,2175245425,9,incentivize,609a54b96c38edbbf5e48251,21,Female
613,613,2176807974,9,incentivize,5e5aa39b15b8d429d07abfd4,57,Female
614,614,2349096848,9,incentivize,5f516d96bf6cde3b04b94b69,31,Male
615,615,2396060880,9,incentivize,616ffbfe7b44b1236b1fc24e,22,Male
616,616,2514071168,9,incentivize,5f3ee8fb5f0cc21a519fb0c2,22,Male
617,617,2597986135,9,incentivize,6173043badff9e638ce8ca2d,21,Female
618,618,3020633344,9,incentivize,5faab9fa1c6cce487d370981,20,Male
619,619,3037623668,9,incentivize,5f60713e595007000a8e1da7,24,Male
620,620,3056212386,9,incentivize,6172150f04c545e20b4d5af9,22,Female
621,621,3118020759,9,incentivize,60ecb41a4a9023db55e9c061,32,Male
622,622,3236850434,9,incentivize,60ddfb3db6a71ad9ba75e387,19,Male
623,623,3456422038,9,incentivize,5c845031d6a29e00162edf7d,42,Male
624,624,3659813468,9,incentivize,615244e111aefca2b42a35f9,31,Female
625,625,3665348004,9,incentivize,611bb2a6d9678117db737236,23,Male
626,626,3685005911,9,incentivize,614468965cba9b8f734f0d60,23,Male
627,627,3709931545,9,incentivize,6086bce92a8e1c219a9120c5,26,Male
628,628,3818875866,9,incentivize,5e5eb4843accc91e2443212f,19,Female
629,629,3834157142,9,incentivize,60b6c415dbda3236ea22455a,31,Female
630,630,3955575119,9,incentivize,5f806f22e8159d0913945e35,28,Male
631,631,4267856622,9,incentivize,604ce6075c751bc1e1a11dd5,41,Female
632,632,4358519483,9,incentivize,5c38d25078687a0001db8633,36,Female
633,633,4455333223,9,incentivize,6063f65c58167d6efa46e430,30,Male
634,634,4503574518,9,incentivize,5ee4273dba332e11f6e28676,25,Female
635,635,4566989390,9,incentivize,60087e9189ddb34b79b08be5,27,Male
636,636,4598125870,9,incentivize,60e4dde24ae3ef466418b19f,40,Male
637,637,4774452086,9,incentivize,6050def7e8e7c6c1efb45fac,30,Male
638,638,4790264444,9,incentivize,6074de03363deb52b54eccf4,19,Male
639,639,4890039420,9,incentivize,5f7506afbadfcf169784f466,23,Female
640,640,5034615646,9,incentivize,5f7d002d141e4e1c0e84e98e,44,Female
641,641,5306186128,9,incentivize,60b9b66f3b3795d796a82ee6,28,Male
642,642,5830500556,9,incentivize,61086c2bfda98ba5d75b9db4,24,Female
643,643,6089393947,9,incentivize,6172c19ff79e4bec69b80c10,29,Male
644,644,6140819787,9,incentivize,60e9ea97d19e613e60a994da,21,Male
645,645,6163727417,9,incentivize,60d6132cd85bce1483291f56,59,Male
646,646,6226104004,9,incentivize,6099132b6d152b812fdc911c,21,Male
647,647,6276030006,9,incentivize,60ec51c51a3158a50ded8a3e,19,Male
648,648,6332760676,9,incentivize,60c048ca962103e0da201a34,39,Female
649,649,6474111328,9,incentivize,605bd0169853b502f34b51c3,25,Male
650,650,6516244778,9,incentivize,6171b1bc917dfe828a3130dd,25,Female
651,651,6628526993,9,incentivize,615d5b821a79847e2b342374,20,Male
652,652,6912086824,9,incentivize,6069dc93673768fac8822472,22,Male
653,653,6955301306,9,incentivize,603fc30024a4160d72b0f1b8,24,Female
654,654,7079679999,9,incentivize,5ea96886ef7ece0604eee527,61,Male
655,655,7181569715,9,incentivize,5eeb4be60e1a002243b3c096,22,Male
656,656,7185723110,9,incentivize,611e2a711b31e24b7133813c,25,Male
657,657,7219065843,9,incentivize,5f2d14d99d93bf265393b8ac,32,Male
658,658,7706149731,9,incentivize,60ddc6cf3e04111115200984,54,Male
659,659,7988302469,9,incentivize,60ca0a178a861accb4161f1b,21,Female
660,660,8438154417,9,incentivize,5eea1be10e95520beb9fa654,54,Male
661,661,8621572779,9,incentivize,60e0e2d9a207ba546969b432,23,Female
662,662,8708639890,9,incentivize,602f69ce775c55c4b3ceeabb,20,Male
663,663,8866197151,9,incentivize,5e1ce5942923360769c7af3a,33,Male
664,664,9052886980,9,incentivize,5fafdefb35f42e2c00093fbe,24,Female
665,665,9153447604,9,incentivize,6163ff503beed553308638c7,21,Female
666,666,9335629089,9,incentivize,5d3ef33e8da0790017c90e08,32,Male
667,667,9429152965,9,incentivize,61278ed955c9c0f27457ae1b,26,Male
668,668,9442488174,9,incentivize,61687ebcd2a35ffb762d1928,29,Female
669,669,9593451621,9,incentivize,60fdb9bad55eb8c5b67f18f4,28,Female
670,670,9691956658,9,incentivize,602d29200724e36ae7a9def2,37,DATA_EXPIRED
671,671,9761824316,9,incentivize,613bbfebd7cdd60585f6a3a2,20,Male
672,672,9857490689,9,incentivize,60535adfff835194160cd3bb,59,Male
673,673,23089611,10,evoutcome,5fa30c6baab6c25b14747b36,43,Female
674,674,45248256,10,evoutcome,610688755230e227fe0a16f7,29,Female
675,675,163433636,10,evoutcome,5df0329e67a236091e8fdff9,31,Female
676,676,173652299,10,evoutcome,613a6eb8932c145d01f03c62,21,Male
677,677,175879982,10,evoutcome,60f1fa1f9751397df643facc,19,Male
678,678,487485987,10,evoutcome,60fee91321d3a8c77484a826,23,Female
679,679,489382625,10,evoutcome,60fe8de5380ae67bf7370ac8,30,Female
680,680,555197473,10,evoutcome,59e5a69916ecc200016fefdb,39,Male
681,681,669287873,10,evoutcome,615aff05691d41b8ce734ca0,26,Female
682,682,686816692,10,evoutcome,628e8a0adf45c8354094edcd,32,Female
683,683,1114967450,10,evoutcome,60c369ebf7b68cf1aa2f180e,28,Male
684,684,1408995461,10,evoutcome,5c6f0e238e9bdd0001f6b65b,25,Male
685,685,1542112125,10,evoutcome,6064d68e47e54180bfd4c833,26,Male
686,686,1570637358,10,evoutcome,5fb51ab8c5cca8144ed23fd5,20,Female
687,687,1583238556,10,evoutcome,5f0f6811a0ed4a11dbc57b79,44,Male
688,688,1597005115,10,evoutcome,60bf4905cbd90fcec5e91479,25,Male
689,689,1616553926,10,evoutcome,5f439781d850b5045ffb4af2,22,Male
690,690,1626705992,10,evoutcome,617134f939b0aa685b96bb14,46,Male
691,691,1646603397,10,evoutcome,616f6ed2ead3bb59cd1397ac,23,Female
692,692,1680717840,10,evoutcome,61082411ae20078aaf317d35,20,Female
693,693,1808630226,10,evoutcome,600964b7ddbcfc3b02f7b2e8,23,Male
694,694,1971026335,10,evoutcome,5ea606388e4cf808c64292d4,21,Male
695,695,2513314294,10,evoutcome,6032c31bc4118f31e7b852ea,27,Female
696,696,2529416989,10,evoutcome,6068b59d11e77c24954def38,21,Male
697,697,2670651013,10,evoutcome,5e687fc5651f7d1259eac113,28,Male
698,698,2702783100,10,evoutcome,6092e666d6eecc26f1d89b87,27,Female
699,699,2713514193,10,evoutcome,5f514a2b5552dd37bc2060da,33,Female
700,700,2873631243,10,evoutcome,6171bb437294183a6152c189,20,Male
701,701,2877840126,10,evoutcome,616ab1b6df359dcb87a8b0e5,45,Female
702,702,3348534318,10,evoutcome,61462f791eb4fbf23ec1d583,19,Male
703,703,3416557701,10,evoutcome,60f2c3dba7a1465cda7d9946,20,Female
704,704,3462964984,10,evoutcome,5e73ded1027e893642055f86,25,Female
705,705,3587227034,10,evoutcome,5c30c3c9301a9c0001357413,22,Male
706,706,3848745896,10,evoutcome,5f80a6f92dac9e105a84b405,23,Male
707,707,4189101060,10,evoutcome,60717e12499498909e4883f1,20,Male
708,708,4340114950,10,evoutcome,614d9ea7c87980229c834d21,21,Male
709,709,4403964115,10,evoutcome,5e9457c08b4a3c2b2955976b,28,Female
710,710,4474507893,10,evoutcome,5fd8e5d864c9d60e2a7d9aeb,26,Male
711,711,4835212369,10,evoutcome,603fe2bb561e3113ee9da931,27,Male
712,712,4863787572,10,evoutcome,608264e0b05083c19685a378,20,Male
713,713,4984169042,10,evoutcome,5ea936e503a71a000af12d7b,25,Male
714,714,5273948158,10,evoutcome,60d05876689253d9254637cd,24,Male
715,715,5402065418,10,evoutcome,60b00d29451a17f0ec67d8ac,20,Female
716,716,5637142883,10,evoutcome,6103ec2bf88328284fd894bc,24,Male
717,717,5637370252,10,evoutcome,5f2289c3248c55000cd85a11,21,Female
718,718,5910679978,10,evoutcome,6104921c0cd5d47f9ec1d719,27,Female
719,719,6076983056,10,evoutcome,59a7cfeb7ff2320001ec59d9,53,Female
720,720,6155405431,10,evoutcome,5da5cd71096f2e00173eb1fb,23,Female
721,721,6235397863,10,evoutcome,5c3e4e336d874c0001bdc471,48,Male
722,722,6347978744,10,evoutcome,574027971407a30010773dd7,33,Female
723,723,6495061992,10,evoutcome,5c44f101a5487b00011d122e,42,Male
724,724,6578568114,10,evoutcome,61006e8a4fe954de47730409,24,Female
725,725,6589786623,10,evoutcome,5c46294a8dcf8d000112d559,25,Female
726,726,6699414038,10,evoutcome,603a293ee62ae15da2674441,20,Male
727,727,6817163076,10,evoutcome,5ee43a8e2ec5ba13df088f5e,45,Male
728,728,6844030990,10,evoutcome,60f02e0e88e928ae017e919c,19,Male
729,729,6943818446,10,evoutcome,60512f92ff9e79466ba8d4b8,25,Female
730,730,6969578437,10,evoutcome,610eb5c0e403b969c1efe69c,22,Male
731,731,7032644515,10,evoutcome,5f8ef8605b479d0cf9480024,21,Female
732,732,7222189610,10,evoutcome,6140ce597b9f121e7170511f,26,Male
733,733,7409609865,10,evoutcome,60ca64ec4ea478fcb4d87165,38,Female
734,734,7414853338,10,evoutcome,60fbc53a81120344612e0d08,21,Male
735,735,7443813581,10,evoutcome,5b30dd61e223e800012bd935,42,Female
736,736,7745018530,10,evoutcome,615484378ed6e9e648ce3ff9,19,Male
737,737,7766629528,10,evoutcome,606389edd44e23139eeecd82,21,Male
738,738,7850537733,10,evoutcome,5e9c3ff1cf719d151612648f,52,Female
739,739,8097062057,10,evoutcome,5ebee36dc03b4414949c7b64,44,Female
740,740,8213510552,10,evoutcome,60fd2e310eaf2c2293b80d02,27,Female
741,741,8497014965,10,evoutcome,607ea5504e74d104da5a108a,21,Male
742,742,8763796642,10,evoutcome,5f957181be463b3d6a83a84a,32,Male
743,743,8869379277,10,evoutcome,6081e753b16df5194cf90f49,20,Female
744,744,8873259830,10,evoutcome,5ced924012495000161574a0,24,Female
745,745,8937672902,10,evoutcome,5fc4bc07be970b93ac1ac3b2,30,Male
746,746,8966807003,10,evoutcome,60d8797068090542e56f8d2b,24,Female
747,747,8995343439,10,evoutcome,5ea079d45f2eaf03fdb21a1c,23,Prefer not to say
748,748,9049475133,10,evoutcome,5f1e9db721e4f101783fe21c,21,Male
749,749,9195332330,10,evoutcome,61119ee3576ae2aa2cc8cc32,19,Female
750,750,9391982197,10,evoutcome,5f68f02c41716709ee9be42d,25,Male
751,751,9484643174,10,evoutcome,615767861330080eb8cad21c,36,Female
752,752,9719041872,10,evoutcome,609e5ee2411558f6ee4cc7d7,22,Male
